PRIMARY_FACILITY_ID,FACILITY_NAME,PERMIT_NO,CLIENT_ID,CLIENT_NAME,MUNICIPALITY,COUNTY,REGION,PERMIT_TYPE,FEE_CATEGORY,LATEST_PERMIT_ISSUE_DATE,AVAILABLE_LAND,TOTAL_AEUS,LOCATION_ADDRESS,LOCATION_ADDRESS_CITY_STATE_ZIP,ANIMAL_TYPES
767107,SHEL-MAR ACRES,PAG123752,308999,SHELMAR ACRES LLC,East Donegal Twp,Lancaster,SCRO,PAG-12 Concentrated Animal Feed Operations,PAG-12 CAFO Permit,07/11/2024,187.8,1371.26,580 COLEBROOK RD,"MOUNT JOY, PA 17552-9777",Swine - Wean to finish - 143 lbs (13-273)
767107,SHEL-MAR ACRES,PAG123752,308999,SHELMAR ACRES LLC,East Donegal Twp,Lancaster,SCRO,PAG-12 Concentrated Animal Feed Operations,PAG-12 CAFO Permit,07/11/2024,187.8,1371.26,580 COLEBROOK RD,"MOUNT JOY, PA 17552-9777",Dairy - Holstein/Brown Swiss - Calf (0-1 yr) - 420 lbs (90-750)
764609,A & L FARMS,PAG123775,309726,LINFORD SNYDER,Upper Bern Twp,Berks,SCRO,PAG-12 Concentrated Animal Feed Operations,PAG-12 CAFO Permit,04/10/2024,35,509.18,3304 MOUNTAIN RD,"HAMBURG, PA 19526-7910","Sheep, smaller breed - Ram - 125 lbs"
777444,BIVOUAC SOW FARM,PAG123782,216104,COUNTRY VIEW FAMILY FARMS LLC,Ayr Twp,Fulton,SCRO,PAG-12 Concentrated Animal Feed Operations,PAG-12 CAFO Permit,07/14/2015,1,3271.50,15197 GREAT COVE ROAD,"BIG COVE TANNERY, PA 17212",Swine - Boar - 450 lbs
779500,TODD CHESTNUT FARM,PAG123784,313085,TODD CHESTNUT,Upper Mifflin Twp,Cumberland,SCRO,PAG-12 Concentrated Animal Feed Operations,PAG-12 CAFO Permit,10/21/2024,571.6,1109.67,910 BRIDGEWATER RD,"NEWVILLE, PA 17241-8507",Swine - Grow finish - 165 lbs (57-273)
697840,MICHAEL HEGE CAFO,PAG123610,302643,HEGE MICHAEL J,Washington Twp,Franklin,SCRO,PAG-12 Concentrated Animal Feed Operations,PAG-12 CAFO Permit,05/21/2024,100.1,312.14,11473 GEHR RD,"WAYNESBORO, PA 17268-9239",Poultry - Chickens - Layer (18-75 wks) - 3.13 lbs (2.82-3.44)
750578,JUNK INN FARM LLC CAFO,PAG123725,334835,JUNK INN FARMS LLC,Metal Twp,Franklin,SCRO,PAG-12 Concentrated Animal Feed Operations,PAG-12 CAFO Permit,08/14/2024,365.2,1703.16,14492 PATH VALLEY ROAD,"WILLOW HILL, PA 17271","Sheep, larger breed - Lamb (0-1 yr) - 95 lbs (10-180)"
573242,MERCER VU FARMS CAFO,PAG123833,161260,MERCER VU FARMS INC,Montgomery Twp,Franklin,SCRO,Manure Storage and Wastewater Impoundments,PAG-12 CAFO Permit,02/28/2024,2731.52,4303.85,12275 MOUNT PLEASANT RD,"MERCERSBURG, PA 17236-9745",Dairy - Holstein/Brown Swiss - Heifer (1-2 yr) - 1000 lbs (750-1250)
808863,GARRETT WEAVER FARM,PAG123826,325619,WEAVER GARRETT,West Lampeter Twp,Lancaster,SCRO,PAG-12 Concentrated Animal Feed Operations,PAG-12 CAFO Permit,12/06/2021,288.3,132.97,1501 ESHELMAN MILL RD,"WILLOW STREET, PA 17584-9550",Beef - Finishing (8-24 mos) - 950 lbs (500-1400)
752182,BERWICK SWINE FARM,PAG122212,352635,AG VENTURES LLC,Salem Twp,Luzerne,NERO,PAG-12 Concentrated Animal Feed Operations,PAG-12 CAFO Permit,07/15/2024,1,774.40,137 BOMBOY LN,"BERWICK, PA 18603-6509",Swine - Grow finish - 165 lbs (57-273)
724976,BERMUDIAN VALLEY PULLETS,PAG123651,342182,NOLT LAWRENCE,Washington Twp,York,SCRO,PAG-12 Concentrated Animal Feed Operations,PAG-12 CAFO Permit,05/07/2024,149.5,153.33,80 CREEK RD,"EAST BERLIN, PA 17316-9119",Beef - Cow - 1400 lbs
756631,SILVER CREST ACRES,PA0259969,253034,SENSENIG JONAS O,Drumore Twp,Lancaster,SCRO,Concentrated Animal Feed Operations Indiv NPDES Pmt,CAFO Individual Permit,03/07/2024,335.4,432.28,1147 SILVER SPRING RD,"HOLTWOOD, PA 17532-9741",Beef - Cow - 1400 lbs
849425,WAYNE LEID FARM,PAG123921,361580,LEID WAYNE B,Lurgan Twp,Franklin,SCRO,PAG-12 Concentrated Animal Feed Operations,PAG-12 CAFO Permit,07/19/2021,90.5,419.20,14159 PAXTON RUN RD,"SHIPPENSBURG, PA 17257-9118",Swine - Nursery Pig - 35 lbs (13-57)
698917,BENNER FAMILY FARM,PAG123628,294473,BENNERS SWINE BARN LLC,Delaware Twp,Juniata,SCRO,PAG-12 Concentrated Animal Feed Operations,PAG-12 CAFO Permit,09/14/2021,371.8,611.45,56 PLATT HOLLOW RD,"THOMPSONTOWN, PA 17094-8721",Beef - Finishing (8-24 mos) - 950 lbs (500-1400)
691938,HACKMAN FARM CAFO,PAG124819,247719,HACKMAN WILLARD G,Delmar Twp,Tioga,NCRO,PAG-12 Concentrated Animal Feed Operations,PAG-12 CAFO Permit,07/03/2024,403,703.95,1035 DEAN HILL RD,"WELLSBORO, PA 16901-7406",Beef - Cow - 1400 lbs
829301,WINDY PINE CAFO,PAG120009,367001,WINDY PINE FARM INC,East Nottingham Twp,Chester,SERO,PAG-12 Concentrated Animal Feed Operations,PAG-12 CAFO Permit,12/19/2024,1,363.09,410 BARNSLEY RD,"OXFORD, PA 19363-4105","Goats, meat - Doe - 150 lbs "
833826,REU-HEL CAFO,PAG123884,348517,TROUTMAN CONNIE & TROUTMAN SCOTT,Centre Twp,Berks,SCRO,PAG-12 Concentrated Animal Feed Operations,PAG-12 CAFO Permit,07/29/2024,509.8,571.17,638 RAILROAD RD,"MOHRSVILLE, PA 19541-8868",Dairy - Jersey - Bull - 1200 lbs
643632,KEYSTONE DAIRY VENTURES,PA0247031,264830,KEYSTONE DAIRY VENTURES LLC,Little Britain Twp,Lancaster,SCRO,Concentrated Animal Feed Operations Indiv NPDES Pmt,CAFO Individual Permit,07/16/2024,661.7,1622.13,324 BALANCE MEETING RD,"PEACH BOTTOM, PA 17563-9507",Dairy - Holstein/Brown Swiss - Calf (0-1 yr) - 420 lbs (90-750)
643097,HILLANDALE ATLANTIC,PAG128301,155184,HILLANDALE GETTYSBURG LP,East Fallowfield Twp,Crawford,NWRO,PAG-12 Concentrated Animal Feed Operations,PAG-12 CAFO Permit,07/22/2024,1,5757.24,11549 SPERRY RD,"ATLANTIC, PA 16111-2339",Poultry - Chickens - Layer (18-75 wks) - 3.13 lbs (2.82-3.44)
643097,HILLANDALE ATLANTIC,PAG128301,155184,HILLANDALE GETTYSBURG LP,East Fallowfield Twp,Crawford,NWRO,PAG-12 Concentrated Animal Feed Operations,PAG-12 CAFO Permit,07/22/2024,1,5757.24,11549 SPERRY RD,"ATLANTIC, PA 16111-2339",Poultry - Chickens - Pullet (0-16 wks) - 1.38 lbs (0.08-2.67)
571747,WILLOW HILL FARM CAFO,PAG123777,216104,COUNTRY VIEW FAMILY FARMS LLC,Metal Twp,Franklin,SCRO,PAG-12 Concentrated Animal Feed Operations,PAG-12 CAFO Permit,04/12/2024,1,3271.50,12598 CREEK RD,"FANNETTSBURG, PA 17221-9707",Swine - Grow finish - 165 lbs (57-273)
688895,WALNUT RUN FARMS,PAG123790,227051,CARL G & JOHN G MYER,Penn Twp,Lancaster,SCRO,PAG-12 Concentrated Animal Feed Operations,PAG-12 CAFO Permit,11/22/2021,1107.7,1557.15,292 ELM RD,"LITITZ, PA 17543-9450",Beef - Finishing (8-24 mos) - 950 lbs (500-1400)
696533,PENN NATIONAL OF GRANTVILLE,PAG123793,308852,GLP CAPITAL LP,East Hanover Twp,Dauphin,SCRO,PAG-12 Concentrated Animal Feed Operations,PAG-12 CAFO Permit,10/19/2021,1,880,777 HOLLYWOOD BLVD,"GRANTVILLE, PA 17028-9237",Light Horses & Mules - Mature - 1100 lbs
672677,RYAN RUTT FARM CAFO,PAG123587,282925,RUTT RYAN,Penn Twp,Berks,SCRO,PAG-12 Concentrated Animal Feed Operations,PAG-12 CAFO Permit,07/01/2024,111.1,1038.86,524 N GARFIELD RD,"BERNVILLE, PA 19506-9017","Poultry - Chickens - Broiler, large (0-53 days) - 3.55 lbs (0.09-7.0)"
808824,BEAVER RUN FARMS INC,PAG124853,326747,BEAVER RUN FARMS INC,West Buffalo Twp,Union,NCRO,PAG-12 Concentrated Animal Feed Operations,PAG-12 CAFO Permit,12/06/2021,1,633.63,3038 BEAVER RUN RD,"MIFFLINBURG, PA 17844-7808","Poultry - Chickens - Broiler, large (0-53 days) - 3.55 lbs (0.09-7.0)"
743373,COURTER FINISHER FARM,PA0234087,288501,COURTER PHILIP,Porter Twp,Clinton,NCRO,Concentrated Animal Feed Operations Indiv NPDES Pmt,CAFO Individual Permit,05/04/2023,251.6,1035.95,6527 JACKSONVILLE RD,"MILL HALL, PA 17751-8876",Swine - Grow finish - 165 lbs (57-273)
819445,JOHN LEFEVER CAFO,PA0266574,335299,LEFEVER JOHN R,Drumore Twp,Lancaster,SCRO,Concentrated Animal Feed Operations Indiv NPDES Pmt,CAFO Individual Permit,05/16/2023,296.3,346.50,1045 HOLTWOOD RD,"QUARRYVILLE, PA 17566-9729","Poultry - Chickens - Layer, brown egg (18-90 wks) - 3.85 lbs (3.35-4.34)"
782473,ZUGSTEAD FARM,PAG123860,220326,ZUGSTEAD FARM INC,Walker Twp,Juniata,SCRO,PAG-12 Concentrated Animal Feed Operations,PAG-12 CAFO Permit,12/21/2021,873.1,1683.50,558 FREED RD,"MIFFLINTOWN, PA 17059-7772",Dairy - Holstein/Brown Swiss - Heifer (1-2 yr) - 1000 lbs (750-1250)
709823,KEREK MUSSER CAFO,PAG123665,258037,KEREK MUSSER,Rapho Twp,Lancaster,SCRO,PAG-12 Concentrated Animal Feed Operations,PAG-12 CAFO Permit,11/08/2021,275,845.48,2604 HOSSLER RD,"MANHEIM, PA 17545-8111",Poultry - Chickens - Layer (18-90 wks) - 3.14 lbs (weighted avg)
816143,SPRING VALLEY DAIRY,PAG123839,331870,SPRING VALLEY DAIRY LLC,Rapho Twp,Lancaster,SCRO,PAG-12 Concentrated Animal Feed Operations,PAG-12 CAFO Permit,01/05/2022,203.6,485.74,1577 AUCTION RD,"MANHEIM, PA 17545",Dairy - Holstein/Brown Swiss - Heifer (1-2 yr) - 1000 lbs (750-1250)
816143,SPRING VALLEY DAIRY,PAG123839,331870,SPRING VALLEY DAIRY LLC,Rapho Twp,Lancaster,SCRO,PAG-12 Concentrated Animal Feed Operations,PAG-12 CAFO Permit,01/05/2022,203.6,485.74,1577 AUCTION RD,"MANHEIM, PA 17545",Dairy - Holstein/Brown Swiss - Calf (0-1 yr) - 420 lbs (90-750)
696200,LANE FARM CAFO,PAG124824,253730,RODNEY E LANE,Harrison Twp,Potter,NCRO,PAG-12 Concentrated Animal Feed Operations,PAG-12 CAFO Permit,12/18/2024,444.7,842.30,251 HOWARD RD,"HARRISON VALLEY, PA 16927",Beef - Cow - 1400 lbs
572578,WALMOORE HOLSTEINS FARM,PA0244597,156308,WALMOORE HOLSTEINS INC,Londonderry Twp,Chester,SERO,Concentrated Animal Feed Operations Indiv NPDES Pmt,CAFO Individual Permit,11/27/2024,1610.6,2192.53,2196 GAP NEWPORT PIKE,"COCHRANVILLE, PA 19330-9471",Beef - Calf (0-8 mos) - 300 lbs (100-500)
775993,KISH VIEW DAIRY LLC,PA0281751,304931,KISH VIEW DAIRY LLC,Union Twp,Mifflin,SCRO,Concentrated Animal Feed Operations Indiv NPDES Pmt,CAFO Individual Permit,08/30/2021,877.5,1279.63,4733 E MAIN ST,"BELLEVILLE, PA 17004-9296",Dairy - Holstein/Brown Swiss - Calf (0-1 yr) - 420 lbs (90-750)
855243,CHIQUES VIEW FARMS,PAG123928,367844,REIFF KENTON,Rapho Twp,Lancaster,SCRO,PAG-12 Concentrated Animal Feed Operations,PAG-12 CAFO Permit,05/24/2022,327.5,466.02,1775 PINKERTON RD,"MOUNT JOY, PA 17552-9319","Goats, dairy - Doe - 125 lbs"
738447,BARRY FARMS CAFO,PAG123934,217968,BARRY CHRISTOPHER L,Heidelberg Twp,Lebanon,SCRO,PAG-12 Concentrated Animal Feed Operations,PAG-12 CAFO Permit,07/29/2024,636.2,1034.61,221 MICHTERS RD,"NEWMANSTOWN, PA 17073-8978",Beef - Finishing (8-24 mos) - 950 lbs (500-1400)
860662,RABERT POULTRY OPERATION,PAG123931,372288,RABERT TODD,Monroe Twp,Cumberland,SCRO,PAG-12 Concentrated Animal Feed Operations,PAG-12 CAFO Permit,12/15/2022,524.82,274.29,380 S LOCUST POINT RD,"MECHANICSBURG, PA 17055-9776","Poultry - Chickens - Broiler, medium (0-35 days) - 2.55 lbs (0.090-5.0)"
735335,DEAN STUMP FARM,PAG123652,335423,STUMP DEAN,Tulpehocken Twp,Berks,SCRO,PAG-12 Concentrated Animal Feed Operations,PAG-12 CAFO Permit,05/28/2024,12.5,410.64,48 REHRERSBURG ROAD,"RICHLAND, PA 17087",Poultry - Chickens - Layer (18-90 wks) - 3.14 lbs (weighted avg)
735335,DEAN STUMP FARM,PAG123652,335423,STUMP DEAN,Tulpehocken Twp,Berks,SCRO,PAG-12 Concentrated Animal Feed Operations,PAG-12 CAFO Permit,05/28/2024,12.5,410.64,48 REHRERSBURG ROAD,"RICHLAND, PA 17087",Dairy - Holstein/Brown Swiss - Heifer (1-2 yr) - 1000 lbs (750-1250)
700815,DOUGLAS ROHRER FARM,PAG123633,249777,DL ROHRER FARMS LLC,West Lampeter Twp,Lancaster,SCRO,PAG-12 Concentrated Animal Feed Operations,PAG-12 CAFO Permit,03/27/2024,774.6,596.87,1728 BRIDGE RD,"LANCASTER, PA 17602-1804",Beef - Cow - 1400 lbs
700815,DOUGLAS ROHRER FARM,PAG123633,249777,DL ROHRER FARMS LLC,West Lampeter Twp,Lancaster,SCRO,PAG-12 Concentrated Animal Feed Operations,PAG-12 CAFO Permit,03/27/2024,774.6,596.87,1728 BRIDGE RD,"LANCASTER, PA 17602-1804",Beef - Calf (0-8 mos) - 300 lbs (100-500)
565301,SCHRACK FARMS PARTNERSHIP CAFO,PA0228401,122703,SCHRACK FARMS PARTNERSHIP,Logan Twp,Clinton,NCRO,Manure Storage and Wastewater Impoundments,CAFO Individual Permit,06/13/2023,2218.7,4783.34,860 W VALLEY RD,"LOGANTON, PA 17747-8935",Dairy - Holstein/Brown Swiss - Cow - 1450 lbs
565301,SCHRACK FARMS PARTNERSHIP CAFO,PA0228401,122703,SCHRACK FARMS PARTNERSHIP,Logan Twp,Clinton,NCRO,Manure Storage and Wastewater Impoundments,CAFO Individual Permit,06/13/2023,2218.7,4783.34,860 W VALLEY RD,"LOGANTON, PA 17747-8935",Dairy - Holstein/Brown Swiss - Calf (0-1 yr) - 420 lbs (90-750)
775581,ROBERT L BRUBAKER CAMP ROAD FARM,PAG123780,279748,BRUBAKER ROBERT L JR,Mount Joy Twp,Lancaster,SCRO,PAG-12 Concentrated Animal Feed Operations,PAG-12 CAFO Permit,08/05/2021,1,314.54,2205 CAMP ROAD,"MANHEIM, PA 17545","Poultry - Chickens - Broiler, large (0-53 days) - 3.55 lbs (0.09-7.0)"
784285,NORTH MOUNTAIN GOBBLER #1,PAG123801,317874,NORTH MTN GOBBLERS,Hamilton Twp,Franklin,SCRO,PAG-12 Concentrated Animal Feed Operations,PAG-12 CAFO Permit,06/26/2024,12.1,382.08,6429 FORT MCCORD ROAD,"CHAMBERSBURG, PA 17202",Beef - Calf (0-8 mos) - 300 lbs (100-500)
563745,BDS FARMS CAFO,PAG124803,360020,BDS FARMS LLC,Spring Twp,Snyder,NCRO,PAG-12 Concentrated Animal Feed Operations,PAG-12 CAFO Permit,11/26/2024,285.4,565.07,282 TROUP RD,"BEAVER SPRINGS, PA 17812-9249",Swine - Grow finish - 165 lbs (57-273)
572970,BEAVERTON SOW CAFO OPERATION,PAG124840,216104,COUNTRY VIEW FAMILY FARMS LLC,Beaver Twp,Snyder,NCRO,PAG-12 Concentrated Animal Feed Operations,PAG-12 CAFO Permit,04/17/2024,1,932.07,429 BEAVERTON LN,"BEAVERTOWN, PA 17813-9265",Swine - Gestating Sow - 450 lbs
700861,HILLSIDE ACRES FARM,PAG123631,249783,HILLSIDE ACRES,Albany Twp,Berks,SCRO,PAG-12 Concentrated Animal Feed Operations,PAG-12 CAFO Permit,04/16/2024,1.9,846.15,350 DOTTERER RD,"LENHARTSVILLE, PA 19534-9500",Swine - Gestating Sow - 450 lbs
731528,WOLGEMUTH FAIRVIEW FARMS,PAG123914,248616,WOGLEMUTH DOUG,Mount Joy Boro,Lancaster,SCRO,PAG-12 Concentrated Animal Feed Operations,PAG-12 CAFO Permit,08/20/2024,822.4,987.29,1197 LANDIS RD,"ELIZABETHTOWN, PA 17022-9799",Swine - Wean to finish - 143 lbs (13-273)
810490,LEYDIG CAFO,PAG126101,328471,LEYDIG KEITH & DENISE,Brothersvalley Twp,Somerset,SWRO,PAG-12 Concentrated Animal Feed Operations,PAG-12 CAFO Permit,08/15/2024,598.4,726.90,380 SWAMPCREEK RD,"GARRETT, PA 15542-9019",Swine - Grow finish - 165 lbs (57-273)
752772,JOHN PEPPER ENTERPRISES LLC HOG FINISHING BARNS,PAG124842,293442,JOHN PEPPER ENTERPRISES LLC,Granville Twp,Bradford,NCRO,PAG-12 Concentrated Animal Feed Operations,PAG-12 CAFO Permit,07/08/2024,2.1,825.39,1075 NEW RD,"GRANVILLE SUMMIT, PA 16926",Beef - Calf (0-8 mos) - 300 lbs (100-500)
642364,JOE BURKHOLDER CAFO,PAG123530,298467,JOSEPH BURKHOLDER & SON,Ephrata Twp,Lancaster,SCRO,PAG-12 Concentrated Animal Feed Operations,PAG-12 CAFO Permit,11/03/2021,75.7,351.61,1440 DIVISION HWY,"EPHRATA, PA 17522-8832",Swine - Grow finish - 165 lbs (57-273)
819449,DAVID KAUFFMAN CAFO,PA0266582,335881,KAUFFMAN DAVID,Jackson Twp,Huntingdon,SCRO,Concentrated Animal Feed Operations Indiv NPDES Pmt,CAFO Individual Permit,02/15/2023,88.6,778.30,12050 GREENWOOD RD,"HUNTINGDON, PA 16652-6020",Beef - Calf (0-8 mos) - 300 lbs (100-500)
705928,JUST-A-MERE FAMILY FARM CAFO,PAG124821,337523,JUST A MERE FAMILY FARM LLC,Lower Mahanoy Twp,Northumberland,NCRO,PAG-12 Concentrated Animal Feed Operations,PAG-12 CAFO Permit,06/03/2024,314,89,3746 MAHANTANGO CREEK RD,"DALMATIA, PA 17017-7235","Poultry - Duck, finisher (17-38 days) - 4.88 lbs (2.5-7.25))"
734877,FUNK FARM CAFO,PAG123693,248617,FUNK JEFF,Warren Twp,Franklin,SCRO,PAG-12 Concentrated Animal Feed Operations,PAG-12 CAFO Permit,08/22/2024,354,641.85,18255 FORT DAVIS RD,"MERCERSBURG, PA 17236-9430",Beef - Calf (0-8 mos) - 300 lbs (100-500)
563437,KULP FAMILY DAIRY CAFO,PA0088404,145838,KULP FAMILY DAIRY LLC,North Woodbury Twp,Blair,SCRO,Concentrated Animal Feed Operations Indiv NPDES Pmt,CAFO Individual Permit,10/28/2022,2610.2,4775.70,1691 MILLERSTOWN RD,"MARTINSBURG, PA 16662-8020",Dairy - Holstein/Brown Swiss - Cow - 1450 lbs
563437,KULP FAMILY DAIRY CAFO,PA0088404,145838,KULP FAMILY DAIRY LLC,North Woodbury Twp,Blair,SCRO,Concentrated Animal Feed Operations Indiv NPDES Pmt,CAFO Individual Permit,10/28/2022,2610.2,4775.70,1691 MILLERSTOWN RD,"MARTINSBURG, PA 16662-8020",Dairy - Holstein/Brown Swiss - Calf (0-1 yr) - 420 lbs (90-750)
848423,MERKEY FARM,PA0281816,361812,MERKEY HAROLD E,Rapho Twp,Lancaster,SCRO,Concentrated Animal Feed Operations Indiv NPDES Pmt,CAFO Individual Permit,09/21/2021,45.8,408.85,2904 SUNNYSIDE RD,"MANHEIM, PA 17545-8333",Beef - Finishing (8-24 mos) - 950 lbs (500-1400)
860667,AURAND POULTRY LLC,PAG124875,372294,AURAND POULTRY LLC,Madison Twp,Columbia,NCRO,PAG-12 Concentrated Animal Feed Operations,PAG-12 CAFO Permit,11/26/2024,835.1,641.88,135 WOODSIDE DR,"BLOOMSBURG, PA 17815",Poultry - Chickens - Layer (18-90 wks) - 3.14 lbs (weighted avg)
844802,LEONARD R MARTIN CAFO,PAG123908,358698,MARTIN LEONARD R,Bethel Twp,Berks,SCRO,PAG-12 Concentrated Animal Feed Operations,PAG-12 CAFO Permit,11/05/2024,1,363.75,105 BORDNER RD,"RICHLAND, PA 17087-9608","Poultry - Chickens - Broiler, large (0-53 days) - 3.55 lbs (0.09-7.0)"
861187,CEDAR HILL PORK,PAG123933,372597,CEDAR HILL PORK,Washington Twp,York,SCRO,PAG-12 Concentrated Animal Feed Operations,PAG-12 CAFO Permit,04/25/2024,1,389.75,120 HARBOLD ALTLAND RD,"WELLSVILLE, PA 17365-9535",Swine - Grow finish - 165 lbs (57-273)
861187,CEDAR HILL PORK,PAG123933,372597,CEDAR HILL PORK,Washington Twp,York,SCRO,PAG-12 Concentrated Animal Feed Operations,PAG-12 CAFO Permit,04/25/2024,1,389.75,120 HARBOLD ALTLAND RD,"WELLSVILLE, PA 17365-9535",Swine - Boar - 450 lbs
847537,NEIL L. MARTIN CAFO,PAG123912,360247,MARTIN NEIL,Upper Tulpehocken Twp,Berks,SCRO,PAG-12 Concentrated Animal Feed Operations,PAG-12 CAFO Permit,05/03/2024,77.2,387.41,749 BLOODY SPRING RD,"BETHEL, PA 19507-8943","Poultry - Chickens - Broiler, large (0-53 days) - 3.55 lbs (0.09-7.0)"
879474,BLUE LAKE FARM,PA0281905,384679,HORNING MATTHEW,West Buffalo Twp,Union,NCRO,,CAFO Individual Permit,NOT ISSUED,21.6,240,3370 FOREST HILL RD,"MIFFLINBURG, PA 17844-7614","Goats, meat - Doe - 150 lbs "
879474,BLUE LAKE FARM,PA0281905,384679,HORNING MATTHEW,West Buffalo Twp,Union,NCRO,,CAFO Individual Permit,NOT ISSUED,21.6,240,3370 FOREST HILL RD,"MIFFLINBURG, PA 17844-7614",Ponies & Donkeys - Mature - 600 lbs
879474,BLUE LAKE FARM,PA0281905,384679,HORNING MATTHEW,West Buffalo Twp,Union,NCRO,,CAFO Individual Permit,NOT ISSUED,21.6,240,3370 FOREST HILL RD,"MIFFLINBURG, PA 17844-7614",Other
765374,JOSHUA AKERS DUCK CAFO,PA0262021,303752,AKERS JOSHUA T,East Drumore Twp,Lancaster,SCRO,Concentrated Animal Feed Operations Indiv NPDES Pmt,CAFO Individual Permit,07/17/2024,216.5,113.93,528 CHURCH RD,"QUARRYVILLE, PA 17566-9790","Poultry - Duck, finisher (17-38 days) - 4.88 lbs (2.5-7.25))"
517384,SULLIVAN FARMS CAFO OPERATION,PAG124846,216104,COUNTRY VIEW FAMILY FARMS LLC,Sullivan Twp,Tioga,NCRO,PAG-12 Concentrated Animal Feed Operations,PAG-12 CAFO Permit,05/20/2024,1,3036.60,372 HEMLOCK HILL RD,"COVINGTON, PA 16917-9430",Swine - Sow and litter - 470 lbs
700907,SPRING MAPLE FARM,PAG123641,250308,ANDREWS RANDALL,West Lampeter Twp,Lancaster,SCRO,PAG-12 Concentrated Animal Feed Operations,PAG-12 CAFO Permit,10/09/2024,259.7,1159.45,421 PENN GRANT ROAD,"LANCASTER, PA 17602","Poultry - Chickens - Broiler, large (0-53 days) - 3.55 lbs (0.09-7.0)"
723794,RUMAR FARMS,PAG123680,272578,ZIMMERMAN H LAMAR,Rapho Twp,Lancaster,SCRO,PAG-12 Concentrated Animal Feed Operations,PAG-12 CAFO Permit,06/25/2024,13.6,442.53,1908 SHUMAKER RD,"MANHEIM, PA 17545-8227","Poultry - Chickens - Broiler, large (0-53 days) - 3.55 lbs (0.09-7.0)"
716441,FORRY FARM CAFO,PAG123670,253804,DANIEL AND DWIGHT K FORRY,West Hempfield Twp,Lancaster,SCRO,PAG-12 Concentrated Animal Feed Operations,PAG-12 CAFO Permit,10/08/2021,341.4,664.77,250 INDIAN HEAD RD,"COLUMBIA, PA 17512-9798","Goats, meat - Doe - 150 lbs "
805392,RIVER VALLEY FARM,PAG124852,216104,COUNTRY VIEW FAMILY FARMS LLC,Deerfield Twp,Tioga,NCRO,PAG-12 Concentrated Animal Feed Operations,PAG-12 CAFO Permit,04/11/2024,1,3271.50,504 DOAN RD,"KNOXVILLE, PA 16928-9434",Swine - Boar - 450 lbs
731811,ROBERT L. BRUBAKER JR,PAG123689,279748,BRUBAKER ROBERT L JR,Rapho Twp,Lancaster,SCRO,PAG-12 Concentrated Animal Feed Operations,PAG-12 CAFO Permit,10/19/2021,1,596.63,2871 N COLEBROOK RD,"MANHEIM, PA 17545-8309",Poultry - Chickens - Pullet (0-16 wks) - 1.38 lbs (0.08-2.67)
820821,HEMLOCK LN CAFO,PAG123836,331016,HEMLOCK LN FARM LP,Catharine Twp,Blair,SCRO,PAG-12 Concentrated Animal Feed Operations,PAG-12 CAFO Permit,07/09/2024,594,761.35,121 HEMLOCK LN,"WILLIAMSBURG, PA 16693-6531",Beef - Finishing (8-24 mos) - 950 lbs (500-1400)
794176,MARTIN SWINE FINISHING BARN,PA0232696,215959,MARTIN NOAH N,Cogan House Twp,Lycoming,NCRO,Concentrated Animal Feed Operations Indiv NPDES Pmt,CAFO Individual Permit,10/17/2022,437.2,724.41,1821 STATE ROUTE 184,"TROUT RUN, PA 17771-8634",Beef - Calf (0-8 mos) - 300 lbs (100-500)
808922,LEN ROSE FARM,PAG123824,325621,LEONARD HOOVER,Upper Tulpehocken Twp,Berks,SCRO,PAG-12 Concentrated Animal Feed Operations,PAG-12 CAFO Permit,09/04/2024,193.2,369.70,6188A OLD ROUTE 22,"BERNVILLE, PA 19506-8457",Dairy - Holstein/Brown Swiss - Calf (0-1 yr) - 420 lbs (90-750)
633451,HUBER SWINE FARM CAFO,PAG123569,204698,HUBER JOHN,Northeast Madison Twp,Perry,SCRO,PAG-12 Concentrated Animal Feed Operations,PAG-12 CAFO Permit,11/17/2021,1,1000.22,558 TUSCARORA PATH,"LOYSVILLE, PA 17047-9462",Swine - Wean to finish - 143 lbs (13-273)
810063,ROARING CREEK EGG FARMS LLC,PA0232777,328030,ROARING CREEK EGG FARMS LLC,Cleveland Twp,Columbia,NCRO,Concentrated Animal Feed Operations Indiv NPDES Pmt,CAFO Individual Permit,01/03/2025,1,3436.09,319 MIDDLE ROAD,"CATAWISSA, PA 17820-8212",Poultry - Chickens - Layer (18-90 wks) - 3.14 lbs (weighted avg)
849897,BARRICK DAIRY,PA0281859,363180,BARRICK DAIRY LLC,Penn Twp,Cumberland,SCRO,Manure Storage and Wastewater Impoundments,CAFO Individual Permit,06/13/2024,976.1,1616.22,2661 WALNUT BOTTOM RD,"CARLISLE, PA 17015-9329",Dairy - Holstein/Brown Swiss - Cow - 1450 lbs
849897,BARRICK DAIRY,PA0281859,363180,BARRICK DAIRY LLC,Penn Twp,Cumberland,SCRO,Manure Storage and Wastewater Impoundments,CAFO Individual Permit,06/13/2024,976.1,1616.22,2661 WALNUT BOTTOM RD,"CARLISLE, PA 17015-9329",Beef - Finishing (8-24 mos) - 950 lbs (500-1400)
847886,DARVIN MARTIN CAFO,PA0281824,360253,DARVIN N MARTIN,Weisenberg Twp,Lehigh,NERO,Concentrated Animal Feed Operations Indiv NPDES Pmt,CAFO Individual Permit,11/19/2021,170.3,212.38,8245 HOLBENS RD,"NEW TRIPOLI, PA 18066",Dairy - Holstein/Brown Swiss - Calf (0-1 yr) - 420 lbs (90-750)
713967,NORTHEND VIEW FARM,PAG123935,217839,MARTIN AARON R,Centre Twp,Berks,SCRO,PAG-12 Concentrated Animal Feed Operations,PAG-12 CAFO Permit,08/12/2024,249.3,223.50,1383 RIVER RD,"MOHRSVILLE, PA 19541-8721",Dairy - Holstein/Brown Swiss - Cow - 1450 lbs
729684,HILLSIDE POULTRY CAFO,PAG123959,219807,HILLSIDE POULTRY FARM INC,Greene Twp,Franklin,SCRO,PAG-12 Concentrated Animal Feed Operations,PAG-12 CAFO Permit,12/09/2024,425.9,1469.72,1849 LETTERKENNY RD,"CHAMBERSBURG, PA 17201-8733",Poultry - Chickens - Pullet (0-16 wks) - 1.38 lbs (0.08-2.67)
844879,GLENDON NOLT FARM CAFO,PAG123909,358710,NOLT GLENDON,Greenwich Twp,Berks,SCRO,PAG-12 Concentrated Animal Feed Operations,PAG-12 CAFO Permit,09/10/2024,3.5,115.08,222 LONG RD,"LENHARTSVILLE, PA 19534-9407","Sheep, medium breed - Ewe - 175 lbs"
844879,GLENDON NOLT FARM CAFO,PAG123909,358710,NOLT GLENDON,Greenwich Twp,Berks,SCRO,PAG-12 Concentrated Animal Feed Operations,PAG-12 CAFO Permit,09/10/2024,3.5,115.08,222 LONG RD,"LENHARTSVILLE, PA 19534-9407","Sheep, medium breed - Ram - 225 lbs"
862591,SONLIGHT FARMS CAFO,PAG123937,373740,LIGHT JACOB,Bethel Twp,Lebanon,SCRO,PAG-12 Concentrated Animal Feed Operations,PAG-12 CAFO Permit,06/18/2024,90.3,225.61,177 BLUE MOUNTAIN RD,"FREDERICKSBURG, PA 17026-9352",Swine - Grow finish - 165 lbs (57-273)
823550,LINDELL FARMS LLC,PA0281913,325942,LINDELL FARMS LLC,Farmington Twp,Warren,NWRO,"Water Quality Mgmt Part II, Manure Storage Fac for CAFO",CAFO Individual Permit,05/07/2018,1802.8,1154.47,5207 ROUTE 957,"RUSSELL, PA 16345-2045",Dairy - Holstein/Brown Swiss - Cow - 1450 lbs
630180,PLEASANT VIEW FARMS CAFO,PA0281778,148068,PLEASANT VIEW FARMS INC,North Woodbury Twp,Blair,SCRO,Manure Storage and Wastewater Impoundments,CAFO Individual Permit,10/07/2024,4107.2,7281.75,261 PLEASANT VIEW FARMS RD,"MARTINSBURG, PA 16662-8723",Dairy - Holstein/Brown Swiss - Heifer (1-2 yr) - 1000 lbs (750-1250)
703471,MONTOUR FARMS CAFO,PAG124831,367209,MONTOUR FARMS,Derry Twp,Montour,NCRO,PAG-12 Concentrated Animal Feed Operations,PAG-12 CAFO Permit,12/16/2021,1,549.98,371 GREENLEAF RD,"BLOOMSBURG, PA 17815-6517","Poultry - Chickens - Broiler, medium (0-35 days) - 2.55 lbs (0.090-5.0)"
705870,MEADOW LANE DAIRY,PAG123798,260374,MEADOW LANE DAIRY LLC,Manor Twp,Lancaster,SCRO,PAG-12 Concentrated Animal Feed Operations,PAG-12 CAFO Permit,09/06/2024,830.6,1287.71,3392 BLUE ROCK RD,"LANCASTER, PA 17603-9499",Dairy - Holstein/Brown Swiss - Calf (0-1 yr) - 420 lbs (90-750)
574334,WILLOW BROOK FARM,PA0246441,160377,DEER STONE AG,Granville Twp,Mifflin,SCRO,Concentrated Animal Feed Operations Indiv NPDES Pmt,CAFO Individual Permit,12/03/2024,24.2,800.52,10049 FERGUSON VALLEY RD,"LEWISTOWN, PA 17044-8601",Swine - Nursery Pig - 35 lbs (13-57)
731557,HERSHEY SPRINGS FARM,PA0260495,368033,HERSHEY SPRINGS FARM LLC,East Donegal Twp,Lancaster,SCRO,Concentrated Animal Feed Operations Indiv NPDES Pmt,CAFO Individual Permit,03/15/2022,327.2,592.57,2024 DONEGAL SPRINGS RD,"MOUNT JOY, PA 17552-8906",Beef - Finishing (8-24 mos) - 950 lbs (500-1400)
731557,HERSHEY SPRINGS FARM,PA0260495,368033,HERSHEY SPRINGS FARM LLC,East Donegal Twp,Lancaster,SCRO,Concentrated Animal Feed Operations Indiv NPDES Pmt,CAFO Individual Permit,03/15/2022,327.2,592.57,2024 DONEGAL SPRINGS RD,"MOUNT JOY, PA 17552-8906",Poultry - Chickens - Pullet (0-16 wks) - 1.38 lbs (0.08-2.67)
650828,PIGTAIL ACRES,PAG123583,318656,PIGTAIL ACRES LLC,Clay Twp,Lancaster,SCRO,PAG-12 Concentrated Animal Feed Operations,PAG-12 CAFO Permit,05/07/2024,38.4,694.74,1030 GIRL SCOUT RD,"STEVENS, PA 17578-9784",Beef - Finishing (8-24 mos) - 950 lbs (500-1400)
650828,PIGTAIL ACRES,PAG123583,318656,PIGTAIL ACRES LLC,Clay Twp,Lancaster,SCRO,PAG-12 Concentrated Animal Feed Operations,PAG-12 CAFO Permit,05/07/2024,38.4,694.74,1030 GIRL SCOUT RD,"STEVENS, PA 17578-9784",Ponies & Donkeys - Mature - 600 lbs
550894,PERRY MEADOWS CAFO,PA0088064,216104,COUNTRY VIEW FAMILY FARMS LLC,Jackson Twp,Perry,SCRO,Concentrated Animal Feed Operations Indiv NPDES Pmt,CAFO Individual Permit,04/18/2023,1,1490.65,2713 FOWLERS HOLLOW RD,"BLAIN, PA 17006",Swine - Grow finish - 165 lbs (57-273)
550894,PERRY MEADOWS CAFO,PA0088064,216104,COUNTRY VIEW FAMILY FARMS LLC,Jackson Twp,Perry,SCRO,Concentrated Animal Feed Operations Indiv NPDES Pmt,CAFO Individual Permit,04/18/2023,1,1490.65,2713 FOWLERS HOLLOW RD,"BLAIN, PA 17006",Swine - Boar - 450 lbs
819407,NORTH MOUNTAIN GOBBLER #2,PAG123844,317874,NORTH MTN GOBBLERS,Dublin Twp,Fulton,SCRO,PAG-12 Concentrated Animal Feed Operations,PAG-12 CAFO Permit,06/26/2024,117.1,608.82,2859 EAST DUTCH CORNER ROAD,"MCCONNELLSBURG, PA 17233",Poultry - Turkey - Tom (6 -18 wks) - 25.25 lbs (6.5-44)
570073,FRANKLIN HOG FARM,PAG123513,318483,HORD FAMILY FARMS,Peters Twp,Franklin,SCRO,PAG-12 Concentrated Animal Feed Operations,PAG-12 CAFO Permit,10/04/2024,1,1588.70,8815 DRY RUN RD,"MERCERSBURG, PA 17236-8606",Swine - Gestating Sow - 450 lbs
570073,FRANKLIN HOG FARM,PAG123513,318483,HORD FAMILY FARMS,Peters Twp,Franklin,SCRO,PAG-12 Concentrated Animal Feed Operations,PAG-12 CAFO Permit,10/04/2024,1,1588.70,8815 DRY RUN RD,"MERCERSBURG, PA 17236-8606",Swine - Boar - 450 lbs
700873,NATHAN MARTIN TURKEY FARM,PAG123645,375891,MATRIN NATHAN,Conewago Twp,York,SCRO,PAG-12 Concentrated Animal Feed Operations,PAG-12 CAFO Permit,03/23/2023,74.5,524.86,170 DAUGHERTY RD,"YORK, PA 17404-9745",Poultry - Turkey - Tom brooder (0-6 wks) - 3.36 lbs (0.22-6.5))
764085,RANDY BRUBAKER FARM,PAG123744,253829,RANDALL BRUBAKER,Rapho Twp,Lancaster,SCRO,PAG-12 Concentrated Animal Feed Operations,PAG-12 CAFO Permit,07/09/2024,4,1311.43,1908 VALLEY RD,"MANHEIM, PA 17545-9666",Swine - Boar - 450 lbs
764085,RANDY BRUBAKER FARM,PAG123744,253829,RANDALL BRUBAKER,Rapho Twp,Lancaster,SCRO,PAG-12 Concentrated Animal Feed Operations,PAG-12 CAFO Permit,07/09/2024,4,1311.43,1908 VALLEY RD,"MANHEIM, PA 17545-9666",Beef - Finishing (8-24 mos) - 950 lbs (500-1400)
691447,FLINTROCK FARMS,PAG123717,220027,FLINTROCK CORP,Elizabeth Twp,Lancaster,SCRO,PAG-12 Concentrated Animal Feed Operations,PAG-12 CAFO Permit,11/27/2024,50.3,650.50,16 E BRUBAKER VALLEY RD,"LITITZ, PA 17543-9630",Light Horses & Mules - Mature - 1100 lbs
823459,MARLIN PEACHEY CAFO,PAG123870,339965,PEACHEY MARLIN J,Brown Twp,Mifflin,SCRO,PAG-12 Concentrated Animal Feed Operations,PAG-12 CAFO Permit,11/06/2024,121.3,797.88,328 COFFEE RUN RD,"REEDSVILLE, PA 17084-9319","Goats, meat - Kid (0-1 yr) - 65 lbs (5-125)"
863180,RYAN BURKHOLDER,PAG123940,374304,BURKHOLDER RYAN,Greenwood Twp,Perry,SCRO,PAG-12 Concentrated Animal Feed Operations,PAG-12 CAFO Permit,09/25/2024,6.7,389.18,200 FARM LN,"MILLERSTOWN, PA 17062-9330","Goats, meat - Doe - 150 lbs "
565314,PINE HILL FARMS CAFO,PAG124864,216104,COUNTRY VIEW FAMILY FARMS LLC,Wells Twp,Bradford,NCRO,PAG-12 Concentrated Animal Feed Operations,PAG-12 CAFO Permit,05/21/2024,1,3632.40,2547 HICKORY RD,"COLUMBIA CROSSROADS, PA 16914",Swine - Gestating Sow - 450 lbs
700376,EDWARD HORST FARM,PAG123735,254128,HORST EDWARD B,Heidelberg Twp,Berks,SCRO,PAG-12 Concentrated Animal Feed Operations,PAG-12 CAFO Permit,09/24/2024,111.8,353.75,251 WEST BUNKER HILL ROAD,"WOMELSDORF, PA 19567",Swine - Wean to finish - 143 lbs (13-273)
701704,LAMAR HIGH FARM,PAG123650,257678,HIGH LAMAR,Washington Twp,Dauphin,SCRO,PAG-12 Concentrated Animal Feed Operations,PAG-12 CAFO Permit,07/11/2024,23.6,314.64,920 W MATTERSTOWN RD,"MILLERSBURG, PA 17061-9308",Poultry - Chickens - Layer (18-90 wks) - 3.14 lbs (weighted avg)
556170,KREIDER FARMS MANHEIM,PAG123789,139862,NOAH W KREIDER & SONS LLP,Penn Twp,Lancaster,SCRO,PAG-12 Concentrated Animal Feed Operations,PAG-12 CAFO Permit,08/19/2024,2051.4,15781.72,525 INDIAN VILLAGE RD,"MANHEIM, PA 17545-9385",Dairy - Holstein/Brown Swiss - Cow - 1450 lbs
556170,KREIDER FARMS MANHEIM,PAG123789,139862,NOAH W KREIDER & SONS LLP,Penn Twp,Lancaster,SCRO,PAG-12 Concentrated Animal Feed Operations,PAG-12 CAFO Permit,08/19/2024,2051.4,15781.72,525 INDIAN VILLAGE RD,"MANHEIM, PA 17545-9385",Dairy - Holstein/Brown Swiss - Calf (0-1 yr) - 420 lbs (90-750)
778906,JEVIN KREADY FARM,PAG123787,313857,KREADY JEVIN M,Rapho Twp,Lancaster,SCRO,PAG-12 Concentrated Animal Feed Operations,PAG-12 CAFO Permit,07/26/2024,74.9,383.56,1113 N COLEBROOK RD,"MANHEIM, PA 17545-8122","Sheep, medium breed - Lamb (0-1 yr) - 80 lbs (10-150)"
663243,COUNTRY VIEW FAMILY FARM LLC,PAG124849,216104,COUNTRY VIEW FAMILY FARMS LLC,Columbia Twp,Bradford,NCRO,Manure Storage and Wastewater Impoundments,PAG-12 CAFO Permit,07/24/2024,1,3001.95,2271 FAIRBANKS RD,"COLUMBIA CROSS ROADS, PA 16914-7895",Swine - Sow and litter - 470 lbs
700791,JURGIELEWICZ HOME FARM,PAG123647,146593,JOE JURGIELEWICZ & SON LTD,Tilden Twp,Berks,SCRO,PAG-12 Concentrated Animal Feed Operations,PAG-12 CAFO Permit,12/23/2024,258.1,498.18,189 CHEESE LN,"HAMBURG, PA 19526-8057","Poultry - Duck, layer  - 6.85 lbs (6.2-7.5)"
571731,PENN VALLEY PORK CAFO,PAG123852,362163,JSR MGMT LLC,Upper Bern Twp,Berks,SCRO,PAG-12 Concentrated Animal Feed Operations,PAG-12 CAFO Permit,07/24/2024,16.4,1396.08,165 PHILLIPS LN,"MOHRSVILLE, PA 19541-9770",Swine - Sow and litter - 470 lbs
815721,PENNWOOD FARMS,PAG126103,220079,PENNWOOD FARMS,Brothersvalley Twp,Somerset,SWRO,PAG-12 Concentrated Animal Feed Operations,PAG-12 CAFO Permit,08/21/2024,1769.6,2004.67,262 SUGAR GROVE SCHOOL RD,"BERLIN, PA 15530-6026",Dairy - Holstein/Brown Swiss - Calf (0-1 yr) - 420 lbs (90-750)
574116,ALAN HARNISH CAFO,PAG123543,161559,HARNISH ALAN,Manor Twp,Lancaster,SCRO,PAG-12 Concentrated Animal Feed Operations,PAG-12 CAFO Permit,10/30/2024,35.3,570.56,3421 BLUE ROCK RD,"LANCASTER, PA 17603-9775",Light Horses & Mules - Mature - 1100 lbs
870477,LARRY DEAN MARTIN POULTRY FARM,PAG123944,380733,MARTIN LARRY DEAN,Tulpehocken Twp,Berks,SCRO,PAG-12 Concentrated Animal Feed Operations,PAG-12 CAFO Permit,03/25/2024,14.9,236.74,61 CHERRY HILL RD,"RICHLAND, PA 17087-9619","Poultry - Chickens - Broiler, medium (0-35 days) - 2.55 lbs (0.090-5.0)"
870477,LARRY DEAN MARTIN POULTRY FARM,PAG123944,380733,MARTIN LARRY DEAN,Tulpehocken Twp,Berks,SCRO,PAG-12 Concentrated Animal Feed Operations,PAG-12 CAFO Permit,03/25/2024,14.9,236.74,61 CHERRY HILL RD,"RICHLAND, PA 17087-9619","Sheep, smaller breed - Ewe - 100 lbs"
823278,SHADOW RIDGE FARM,PAG123902,356356,SHADOW RIDGE FARM,Strasburg Twp,Lancaster,SCRO,PAG-12 Concentrated Animal Feed Operations,PAG-12 CAFO Permit,10/31/2024,145.6,1027.05,2418 BACHMAN RD,"LANCASTER, PA 17602",Poultry - Chickens - Layer (18-75 wks) - 3.13 lbs (2.82-3.44)
823278,SHADOW RIDGE FARM,PAG1239